{
  "project_info": {
    "project_number": "859146455718",
    "project_id": "guftgo-2ba47",
    "storage_bucket": "guftgo-2ba47.appspot.com"
  },
  "client": [
    {
      "client_info": {
        "mobilesdk_app_id": "1:859146455718:android:54211efccedeb9d5f64267",
        "android_client_info": {
          "package_name": "com.example.guftgo"
        }
      },
      "oauth_client": [
        {
          "client_id": "859146455718-qejcv80n9upkuaiq1eomape9e8co4ke7.apps.googleusercontent.com",
          "client_type": 3
        }
      ],
      "api_key": [
        {
          "current_key": "AIzaSyCveV7MwAJ8CYvR2rlDZbxke9BzQYawTRs"
        }
      ],
      "services": {
        "appinvite_service": {
          "other_platform_oauth_client": [
            {
              "client_id": "859146455718-qejcv80n9upkuaiq1eomape9e8co4ke7.apps.googleusercontent.com",
              "client_type": 3
            }
          ]
        }
      }
    }
  ],
  "configuration_version": "1"
}